,heigth,width
B_002.jpg,866,1300
B_003.jpg,989,800
B_004.jpg,1347,2000
B_005.jpg,1024,658
B_006.jpg,183,275
B_Img001.jpg,1105,1500
HB_Img001.jpg,600,900
HB_Img002.jpg,1024,768
HB_Img003.jpg,1300,866
HMB_Img_001.jpg,501,334
HMB_Img_002.jpg,900,1200
HM_Img_001.jpg,682,1024
HM_Img_002.jpg,534,800
HM_Img_003.jpg,183,275
HM_Img_004.jpg,682,1024
HM_Img_005.jpg,682,1024
HM_Img_006.jpg,331,553
HM_Img_007.jpg,417,626
HM_Img_008.jpg,534,800
HM_Img_009.jpg,1157,1600
HM_Img_010.jpg,162,311
HVB_Img_001.jpg,501,334
HVB_Img_002.jpg,500,375
HVB_Img_003.jpg,500,750
HVB_Img_004.jpg,500,667
HVB_Img_005.jpg,502,277
HVB_Img_006.jpg,501,334
HVB_Img_007.jpg,750,500
HVB_Img_008.jpg,500,375
HVB_Img_009.jpg,501,408
HVB_Img_010.jpg,1000,1500
HVB_Img_011.jpg,501,334
HVB_Img_012.jpg,500,500
HVB_Img_013.jpg,500,375
HVB_Img_014.jpg,2301,1534
HVB_Img_015.jpg,501,334
HVB_Img_016.jpg,501,334
HVB_Img_017.jpg,500,753
HVB_Img_018.jpg,501,334
HVB_Img_019.jpg,500,750
HVB_Img_020.jpg,500,687
HVB_Img_021.jpg,500,500
HVB_Img_022.jpg,501,334
HVB_Img_023.jpg,500,889
HVB_Img_024.jpg,500,750
HVB_Img_025.jpg,500,750
HVB_Img_026.jpg,500,375
HVB_Img_027.jpg,501,713
HVB_Img_028.jpg,500,754
HVB_Img_029.jpg,501,376
HVB_Img_030.jpg,835,1200
HVB_Img_031.jpg,1021,1300
HVB_Img_032.jpg,500,800
HVB_Img_033.jpg,1101,1500
HVB_Img_034.jpg,146,260
HVMB_Img_001.jpg,501,334
HVMB_Img_002.jpg,501,334
HVMB_Img_003.jpg,501,282
HVMB_Img_004.jpg,750,500
HVMB_Img_005.jpg,327,154
HVMB_Img_006.jpg,516,880
HVMB_Img_008.jpg,1287,1290
HVMB_Img_015.jpg,501,334
HVM_Img_001.jpg,1024,683
HVM_Img_002.jpg,685,1024
HVM_Img_003.jpg,675,1200
HVM_Img_004.jpg,225,300
HVM_Img_005.jpg,956,1300
HVM_Img_006.jpg,682,1024
HVM_Img_007.jpg,682,1024
HVM_Img_008.jpg,267,189
HVM_Img_009.jpg,417,626
HVM_Img_010.jpg,682,1024
HVM_Img_011.jpg,417,626
HVM_Img_012.jpg,956,1300
HVM_Img_013.jpg,1689,1066
HVM_Img_014.jpg,176,286
HVM_Img_015.jpg,563,1000
HVM_Img_016.jpg,400,600
HV_001.jpg,500,750
HV_002.jpg,500,335
HV_003.jpg,501,334
HV_004.jpg,500,667
HV_005.jpg,500,750
HV_006.jpg,500,750
HV_007.jpg,500,750
HV_008.jpg,333,500
HV_009.jpg,419,745
HV_010.jpg,175,288
HV_011.jpg,284,177
HV_013.jpg,1279,2048
HV_014.jpg,183,275
HV_015.jpg,183,275
H_Img_001.jpg,501,816
H_Img_002.jpg,192,262
H_Img_003.jpg,169,298
H_Img_004.jpg,1300,866
H_Img_005.jpg,866,1300
H_Img_006.jpg,1300,894
H_Img_007.jpg,176,286
H_Img_008.jpg,163,309
H_Img_010.jpg,225,225
MV_001.jpg,420,640
MV_002.jpg,596,800
MV_003.jpg,1667,2500
MV_004.jpg,183,275
M_001.jpg,550,825
M_002.jpg,950,1400
M_003.jpg,900,1600
M_004.jpg,330,620
M_005.jpg,243,207
VB.jpg,501,282
VBM_001.jpg,575,862
VBM_002.jpg,957,1300
VBM_003.jpg,1689,1071
VBM_004.jpg,747,1120
VBM_005.jpg,1390,917
VB_001.jpg,1300,870
VB_Img_001.jpg,500,667
VB_Img_002.jpg,500,667
VB_Img_003.jpg,501,334
VB_Img_004.jpg,500,760
VM_001.jpg,500,750
VM_002.jpg,1300,864
VM_005.jpg,501,334
V_Img_001.jpg,500,750
V_Img_002.jpg,500,793
V_Img_003.jpg,1175,1567
V_Img_004.jpg,889,500
V_Img_005.jpg,656,1024
V_Img_006.jpg,1024,683
V_Img_007.jpg,317,450
